<?xml version="1.0" encoding="UTF-8"?>
<project-private xmlns="http://www.netbeans.org/ns/project-private/1">
    <editor-bookmarks xmlns="http://www.netbeans.org/ns/editor-bookmarks/2" lastBookmarkId="0"/>
    <open-files xmlns="http://www.netbeans.org/ns/projectui-open-files/2">
        <group>
            <file>file:/Users/zifengxia/NetBeansProjects/Java2DPacmanGame/src/br/ol/pacman/PacmanActor.java</file>
            <file>file:/Users/zifengxia/NetBeansProjects/Java2DPacmanGame/src/main/Main.java</file>
            <file>file:/Users/zifengxia/NetBeansProjects/Java2DPacmanGame/src/br/ol/pacman/PacmanGame.java</file>
            <file>file:/Users/zifengxia/NetBeansProjects/Java2DPacmanGame/src/br/ol/pacman/infra/Keyboard.java</file>
            <file>file:/Users/zifengxia/NetBeansProjects/Java2DPacmanGame/src/br/ol/pacman/infra/Display.java</file>
            <file>file:/Users/zifengxia/NetBeansProjects/Java2DPacmanGame/src/br/ol/pacman/actor/Ghost.java</file>
            <file>file:/Users/zifengxia/NetBeansProjects/Java2DPacmanGame/src/br/ol/pacman/actor/GameOver.java</file>
            <file>file:/Users/zifengxia/NetBeansProjects/Java2DPacmanGame/src/br/ol/pacman/actor/HUD.java</file>
            <file>file:/Users/zifengxia/NetBeansProjects/Java2DPacmanGame/src/br/ol/pacman/actor/Background.java</file>
            <file>file:/Users/zifengxia/NetBeansProjects/Java2DPacmanGame/src/br/ol/pacman/infra/Game.java</file>
            <file>file:/Users/zifengxia/NetBeansProjects/Java2DPacmanGame/src/br/ol/pacman/actor/Food.java</file>
        </group>
    </open-files>
</project-private>
